{"schemaVersion":"1.0","appDefinitionTemplate":{"id":"/providers/Microsoft.PowerApps/apps/","type":"Microsoft.PowerApps/apps","tags":{"primaryDeviceWidth":"1366","primaryDeviceHeight":"768","supportsPortrait":"true","supportsLandscape":"true","primaryFormFactor":"Tablet","showStatusBar":"false","publisherVersion":"3.25072.6","minimumRequiredApiVersion":"2.2.0","hasComponent":"false","hasUnlockedComponent":"false","isUnifiedRootApp":"false","sienaVersion":"20250804T125202Z-3.25072.6.0"},"properties":{"appVersion":"2025-08-04T12:52:02Z","lifeCycleId":"Published","createdByClientVersion":{"major":3,"minor":25072,"build":6,"revision":0,"majorRevision":0,"minorRevision":0},"minClientVersion":{"major":3,"minor":25072,"build":6,"revision":0,"majorRevision":0,"minorRevision":0},"backgroundColor":"RGBA(0,176,240,1)","backgroundImageUri":"/8382602274098634394/Nc5bf32bc-967a-41d8-b01f-0d7a3cb7cd24-logoSmallFile","displayName":"ICT Computer Inventory","description":"","commitMessage":"","appUris":{"documentUri":{"value":"/8382602274098634394/Nbd50af45-1af1-4984-8111-53b8c7e85f6f-document.msapp"},"imageUris":[],"additionalUris":[{"isSolutionAware":false,"value":"/8382602274098634394/N260998e7-adc1-460f-848f-e1470eb66505-identity.json"}]},"createdTime":"0001-01-01T00:00:00Z","lastModifiedTime":"0001-01-01T00:00:00Z","sharedGroupsCount":0,"sharedUsersCount":0,"connectionReferences":{"f4be0850-5fd6-4601-a62e-49d5e2008a8d":{"id":"cff9e540-31f1-4300-8d8a-1216201f8428","displayName":"SharePoint","iconUri":"https://conn-afd-prod-endpoint-bmc9bqahasf3grgk.b01.azurefd.net/v1.0.1754/1.0.1754.4231/sharepointonline/icon.png","dataSources":["UserAssignment","COMPUTER INVENTORY"],"dependencies":[],"dependents":[],"parameterHints":{},"parameterHintsV2":{},"isOnPremiseConnection":false,"bypassConsent":false,"dataSets":{"https://nestoilplc.sharepoint.com/sites/SDU":{"dataSources":{"UserAssignment":{"tableName":"68b073de-0a34-4f53-a8c3-a53666b5a434"},"COMPUTER INVENTORY":{"tableName":"dc4d282f-048e-4f08-99fe-37f80043e9a4"}}}},"apiTier":"Standard","isCustomApiConnection":false,"actions":["providers/PowerPlatform.Governance/Operations/Read","providers/PowerPlatform.Governance/Operations/Write"]}},"databaseReferences":{},"almMode":"Environment","performanceOptimizationEnabled":true,"canConsumeAppPass":true,"enableModernRuntimeMode":false,"executionRestrictions":{"isTeamsOnly":false,"dataLossPreventionEvaluationResult":{"status":"Compliant","lastEvaluationDate":"2025-06-23T08:01:01.7684329Z","violations":[],"violationsByPolicy":[],"violationErrorMessage":"The app uses the following connectors: ."}}},"isAppComponentLibrary":false,"appType":"ClassicCanvasApp","appComponents":[]}}